username,password,role,ref_id,display_name
brook.sidequest,brakesWho,customer,301,Brock Sidequest
lana.blink,jazzhorn42,customer,302,Lana Turnsignal
derek.nobrakes,stopsAreOptional,customer,303,Derek NoBrakes
priya.park,parallelLegend,customer,304,Priya ParallelPark
greg.grease,wrenchwrench,mechanic,1,Grease Wizard Greg
tasha.torque,queenOfLugs,mechanic,2,Torque Queen Tasha
benji.bolts,socketRocket,mechanic,3,Bolt Whisperer Benji
mo.oracle,mufflerProphecy,mechanic,4,Muffler Oracle Mo
manager.chaos,clipBoardBoss,manager,1,Shop Manager
